contour15s_lon,contour15s_lat,contour15s_x,contour15s_y,normals15_x,normals15_y
-87.99492439902878,30.14986977931092,-174462.93783835592,3356135.897766255,0.021522393223874062,0.9997683664679118
-87.97426818437977,30.15063168748881,-172461.11866881122,3356097.7723113555,0.016024329013439368,0.9998716021968366
-87.95361660931576,30.151498709549852,-170459.1064459972,3356071.730815814,0.009503635968799357,0.9999548394319479
-87.93297145537784,30.152488233365986,-168456.96149840014,3356059.716540626,0.002063854867806295,0.9999978702492743
-87.9123347776977,30.153615780033995,-166454.78462165128,3356063.4664591234,-0.0061827848145233,0.999980886403304
-87.8917088627012,30.154894674765032,-164452.71501086096,3356084.4744082144,-0.01512010346363142,0.9998856847016308
-87.87109620057073,30.156336237527498,-162450.92608054358,3356124.012135816,-0.024631460694074833,0.9996965995461204
-87.85049941076252,30.15794958117876,-160449.61940630825,3356183.1064252513,-0.03459235695442129,0.9994015053222293
-87.82992115641065,30.159741538641498,-158449.01670667468,3356262.530515889,-0.044886116595717104,0.9989921103477022
-87.80936409863,30.161717023980742,-156449.35277952265,3356362.844015132,-0.05539386663636808,0.9984645810138045
-87.78883075344625,30.1638786017841,-154450.86434211134,3356484.3442117237,-0.06600169880495722,0.9978195106104408
-87.76832347560367,30.166227104016407,-152453.78413704943,3356627.1346160783,-0.07660281972068173,0.99706168716426
-87.74784431757826,30.168761277077156,-150458.32946990966,3356791.0849409895,-0.08709734780647088,0.996199805262518
-87.72739503678798,30.17147838935728,-148464.69869671107,3356975.8987497305,-0.09739735434250829,0.9952455754069344
-87.7069769914866,30.17437405851875,-146473.06216048665,3357181.093700513,-0.1074185764817617,0.9942138851507918
-87.68659112908428,30.177442560978587,-144483.55888170644,3357406.035944644,-0.11709438621331797,0.9931207905976627
-87.66623799527027,30.180677156590257,-142496.295198304,3357649.9763288484,-0.1263638288511966,0.9919839629540719
-87.6459176710475,30.184069970361428,-140511.33936799463,3357912.036934111,-0.1351720913264562,0.9908221362719104
-87.62562981143434,30.187612331909552,-138528.7230076558,3358191.2490869607,-0.14348488539388252,0.9896525085420157
-87.60537372097787,30.191295168511065,-136548.44578117286,3358486.597527072,-0.15127187221355223,0.9884921955569537
-87.58514828871,30.195108753403712,-134570.4707194485,3358796.9920933517,-0.15850477130574656,0.9873582113262201
-87.56495206519371,30.199043030051826,-132594.72952876438,3359121.304245674,-0.1651652011667548,0.9862659156249624
-87.54478327732271,30.20308763923004,-130621.1238308993,3359458.370189249,-0.1712402923813025,0.9852292942585326
-87.52463988335957,30.207232086481113,-128649.52939335385,3359807.0098257125,-0.17672415661468183,0.9842604190298568
-87.50451961367041,30.211465820870185,-126679.7995616573,3360166.035756166,-0.18161564529926283,0.9833695934807688
-87.48442001388068,30.215778322472605,-124711.76887717663,3360534.2632632,-0.18591735148932745,0.982565386330698
-87.46433848163643,30.22015914549078,-122745.25636691661,3360910.51531983,-0.18963296889722803,0.9818550489289257
-87.44427228690311,30.22459791170925,-120780.06756102425,3361293.621983423,-0.1927712906109313,0.9812437156569186
-87.42421865045401,30.229084495782644,-118816.00091603627,3361682.4414298474,-0.1953403996822711,0.9807355037174756
-87.40417470513376,30.233608812382066,-116852.84544249726,3362075.836082297,-0.19734935053124106,0.9803332259211137
-87.38413759081944,30.23816106118804,-114890.38834473467,3362472.700365176,-0.19880999863896404,0.9800380525475402
-87.36410443299323,30.242731579308742,-112928.41390342367,3362871.9441792364,-0.19973088083908147,0.9798507923348558
-87.34407237135368,30.247310868957076,-110966.70607900457,3363272.4961312227,-0.20012247971026811,0.9797708880726215
-87.324038591697,30.25188963703129,-109005.05135810682,3363673.308101077,-0.19999727792985392,0.9797964527495743
-87.30400035339594,30.256458824814597,-107043.24123893464,3364073.3586837105,-0.19936332444687357,0.9799256425185998
-87.2839549496546,30.2610094192604,-105081.0695797171,3364471.6319926716,-0.19822912219306707,0.9801557096270807
-87.26389978527824,30.26553265640547,-103118.33885249877,3364867.140678872,-0.19660526825054098,0.980482722181341
-87.24383235276007,30.27001989092704,-101154.85865403137,3365258.9112937646,-0.1944981593130692,0.9809028830744805
-87.22375024080817,30.27446257617784,-99190.44665625901,3365645.982106837,-0.19191438974152844,0.9814116705084247
-87.20365115597585,30.278852290042295,-97224.93053854803,3366027.406084152,-0.18886005962897529,0.9820040111307794
-87.1835329230299,30.283180690353824,-95258.14829867019,3366402.2459243727,-0.18534229500347094,0.9826740220860865
-87.16339351987457,30.287439595065642,-93289.95113588421,3366769.5831407234,-0.181367391568683,0.9834154103305337
-87.14323105815893,30.291620871577283,-91320.20225502901,3367128.5056459215,-0.17693831455724332,0.9842219428775412
-87.12304379264458,30.295716428122912,-89348.77781789325,3367478.1068322645,-0.17206142482163678,0.985086222667005
-87.10283016741953,30.299718342413165,-87375.5706232189,3367817.5000946796,-0.16674286159875218,0.9860004148608962
-87.08258878773826,30.303618724369958,-85400.48821769001,3368145.8034137627,-0.16098576561927802,0.9869567281638921
-87.06231843929986,30.307409746109567,-83423.45456952596,3368462.1427730913,-0.15479691198069878,0.9879463123273652
-87.04201812122483,30.311083740742724,-81444.41265715034,3368765.663291463,-0.14818243164273456,0.9889600431526272
-87.02168702308697,30.314633080210374,-79463.32298253059,3369055.515510695,-0.1411489828703264,0.9899883659087475
-87.00132456661758,30.318050315960935,-77480.16675553667,3369330.871223323,-0.13370397654455382,0.9910213149353415
-86.98093038313694,30.321328064803026,-75494.9443960465,3369590.9106525057,-0.12585419630435835,0.9920487494435866
-86.96050434141439,30.32445910064655,-73507.67767846589,3369834.832767958,-0.11760887264802924,0.993059994700451
-86.94004654755774,30.327436350008067,-71518.40975261597,3370061.854763592,-0.10897791249730293,0.9940441713463896
-86.91955735493325,30.330252920843627,-69527.20593757868,3370271.2152885543,-0.09997314014135512,0.9949901362577807
-86.89903736898582,30.332902142580558,-67534.1539629804,3370462.1788953613,-0.09060504403718392,0.9958869042190583
-86.87848743351657,30.335377478705187,-65539.36316511783,3370634.0262347385,-0.08088528594867388,0.9967234172612788
-86.85790864875294,30.337672656780676,-63542.96548566403,3370786.0685679344,-0.0708280779829263,0.9974885379638427
-86.83730236215835,30.33978163034045,-61545.11482422805,3370917.6434616083,-0.060446122825139316,0.9981714613408902
-86.81667016078882,30.341698563756275,-59545.98640526052,3371028.11304404,-0.04975358099982963,0.9987615236770454
-86.79601387564915,30.34341790051805,-57545.77682539483,3371116.8715879964,-0.03876645059793839,0.9992482986265413
-86.77533557036327,30.344934361958778,-55544.70299352786,3371183.34528804,-0.02749745698717347,0.9996218734397715
-86.75463752464705,30.34624283219171,-53543.00121499389,3371226.9793728506,-0.01595987591559479,0.9998726330692119
-86.7339222388895,30.347338493966575,-51540.92688264452,3371247.253197718,-0.004168570026678242,0.9999913114742212
-86.71319241840894,30.348216750900043,-49538.753427007265,3371243.671505189,0.007863917773457078,0.9999690789205695
-86.69245096501936,30.348873223092518,-47536.77155196856,3371215.7638757615,0.02012366899147694,0.9997974984697258
-86.67170097214606,30.349303802047686,-45535.2884824938,3371163.0907841073,0.03259678810787404,0.9994685835007774
-86.65094571075016,30.34950459613128,-43534.62694272601,3371085.237452062,0.04527259665385344,0.9989746703456587
-86.63018862190137,30.34947187041152,-41535.124800137375,3370981.8071116414,0.05814111879311439,0.9983083743540796
-86.60943331144786,30.34920208238619,-39537.134376750844,3370852.4249302763,0.07119178756489446,0.9974626456080021
-86.58868354214584,30.348691868456452,-37541.02179158615,3370696.7364534577,0.08441663125439355,0.9964305456817648
-86.56794323104404,30.347937964653934,-35547.16716833194,3370514.3987707915,0.09780688619333325,0.9952054124717994
-86.54721644101674,30.346937315169065,-33555.96324684778,3370305.0925147547,0.1113529587487681,0.993780920815999
-86.52650737757989,30.345686994597614,-31567.81552944459,3370068.5131941917,0.12505064135183774,0.9921503601256687
-86.50582039700897,30.344184091641953,-29583.14371552845,3369804.3583011385,0.13889465804554077,0.9903071614233698
-86.48515999192183,30.342425864229163,-27602.379489394756,3369512.3444576226,0.1528740212599406,0.98824568484958
-86.46453077919024,30.34040979174725,-25625.965104690025,3369192.213146996,0.1669842400461902,0.9859595648789033
-86.44393753106853,30.338133288382494,-23654.35795126471,3368843.6990083423,0.18122166526471875,0.9834422748889139
-86.42338514405978,30.335593959060738,-21688.026199539694,3368466.5581041696,0.1955760289911071,0.9806885422416587
-86.40287863332382,30.332789584219206,-19727.44837650133,3368060.5661911853,0.21003812585542778,0.9776931960933039
-86.38242313104547,30.32971809720727,-17773.113360959782,3367625.516191647,0.22459885968807541,0.9744513082893451
-86.36202387695087,30.326377603571828,-15825.519399751933,3367161.2202810235,0.2392505934281721,0.970957853639522
-86.34168622912478,30.322766309458828,-13885.175559159528,3366667.501976297,0.25398081543015416,0.9672092562591789
-86.32141559875687,30.31888277069183,-11952.594164798085,3366144.2234906103,0.26877522316152336,0.9632029274324665
-86.30121748138511,30.314725710669702,-10028.2948116536,3365591.2656463454,0.2836232274098661,0.9589357980978764
-86.28109743503859,30.310294067781975,-8112.80204719009,3365008.5330354837,0.29850859446837796,0.9544069462386124
-86.26106102313454,30.305587154767892,-6206.639086707237,3364395.971455024,0.3134166769572171,0.9496157046959025
-86.24111385892216,30.300604443210418,-4310.333258423071,3363753.5441740784,0.32833462069885616,0.9445614733041667
-86.22126155123111,30.295345714075975,-2424.4100390443386,3363081.2484064368,0.3432449335639972,0.9392459292340037
-86.20150967425042,30.289811078325886,-549.3900846467969,3362379.1174668223,0.35812613707189617,0.9336732136812972
-86.18186369965925,30.284001103123593,1314.2179012750705,3361647.2344895797,0.372966529229284,0.92784479740669
-86.162329162615,30.27791633133809,3165.898681053496,3360885.6798144253,0.38775859477477825,0.9217609626027181
-86.14291152838814,30.271557607138842,5005.144961777305,3360094.5665545487,0.40248881967191164,0.9154249013649953
-86.123616219719,30.264925972137704,6831.454193488064,3359274.0291924663,0.417148644649729,0.9088382739887743
-86.10444864266823,30.258022588311135,8644.325658775007,3358424.215141282,0.43173276725897963,0.9020015619026963
-86.08541420264855,30.25084869579952,10443.258691341096,3357545.2801342416,0.44623650803176534,0.8949150679810998
-86.06651829337746,30.24340563205761,12227.753813956302,3356637.3903084425,0.4606630176918985,0.8875751146415686
-86.04776646174244,30.235694525885776,13997.295310572905,3355700.6889475407,0.4750190929097555,0.8799754890740952
-86.0291643360225,30.22771646621964,15751.358978539729,3354735.3149099406,0.4893071298750451,0.8721115368193714
-86.01071764257561,30.219472494840062,17489.41047086494,3353741.4018906266,0.5035311902474177,0.8639770485655386
-85.99243225104608,30.210963551608014,19210.90065665891,3352719.0725319907,0.5176974225107105,0.855563778292283
-85.97431420898658,30.202190450733625,20915.262157170324,3351668.4359319177,0.5318134500754987,0.8468615319630446
-85.95636978566037,30.19315384873273,22601.904956690374,3350589.5842650714,0.5458873210037001,0.8378585995067445
-85.93860548923361,30.18385425855335,24270.214803309133,3349482.594415016,0.5599230389387283,0.8285446218916753
-85.92102799925692,30.17429218257943,25919.56034807284,3348347.5424488406,0.573919439072766,0.8189117641445882
-85.90364413968763,30.164468170304655,27549.296000309885,3347184.5099037713,0.5878756131620257,0.8089513356496622
-85.88646094121819,30.15438275064864,29158.75556411611,3345993.5765304165,0.6017847795982844,0.7986582993019257
-85.8694854339329,30.14403671474973,30747.27356146846,3344774.8508249335,0.615630631778211,0.7880348502549622
-85.85272457316665,30.13343118816722,32314.192686319457,3343528.4777489984,0.6293934604872815,0.7770867853051193
-85.83618516997468,30.122567686674238,33858.870733772346,3342254.6446536887,0.6430500045379491,0.7658241910933238
-85.81987378787687,30.111448194254436,35380.69088801696,3340953.5895364676,0.656568662541484,0.7542662602612467
-85.80379648088166,30.100075397495324,36879.08806176545,3339625.626021809,0.669910664375308,0.7424417160668124
-85.7879586744788,30.0884527243891,38353.560517815495,3338271.1472306256,0.683037141078193,0.7303836415937371
-85.7723651043554,30.076584315468324,39803.675611873754,3336890.6223808457,0.6959013684623757,0.7181373722152279
-85.7570193794371,30.064475350056387,41229.113462939255,3335484.6312978524,0.7084549365445822,0.7057560505483548
-85.74192410351212,30.05213179528986,42629.65402566336,3334053.8371258527,0.720652489862592,0.6932964653413768
-85.72708059451182,30.039560549228284,44005.20485386533,3332599.0011627385,0.7324435594236122,0.6808277552060208
-85.7124886618664,30.026769497968793,45355.822873354635,3331120.988399983,0.7437779080756568,0.6684268273031835
-85.69814651065765,30.013767462675975,46681.72342231765,3329620.761360783,0.7546092026976441,0.6561744822865531
-85.68405067015446,30.000564115963062,47983.286817055916,3328099.370636421,0.7648964470172821,0.6441532623066798
-85.67019598479766,29.98716987389462,49261.058794292454,3326557.9429647005,0.7745960983931514,0.6324562311765988
-85.6565751921878,29.973596108146246,50515.79232694938,3324997.7032159367,0.7836701525078946,0.6211771825077392
-85.64317931095336,29.95985473727479,51748.408391676785,3323419.9306660946,0.792086315435181,0.6104090996211631
-85.6299972759432,29.945958424127028,52960.03222295566,3321825.9795727786,0.7998129901095797,0.6002492655988622
-85.61701612808888,29.931920359852548,54151.97411200322,3320217.256050939,0.806822567502333,0.5907938257708379
-85.6042208658411,29.917754331349325,55325.74419799671,3318595.2250753306,0.8130887902681779,0.5821396904010504
-85.59159456448354,29.90347460689666,56483.04055607098,3316961.3983482355,0.8185852047876072,0.5743851168883393
-85.57911820105939,29.889096054584787,57625.76678847573,3315317.3468575887,0.8232869691683299,0.5676253750473329
-85.56677095716647,29.87463396467425,58756.002090254675,3313664.6824247125,0.8271657911321916,0.5619579646029189
-85.5545298282616,29.86010434850989,59876.04048835846,3312005.089460289,0.830186860021943,0.5574852262140289
-85.54236983025278,29.845523882825134,60988.37073950278,3310340.319675377,0.8323139846843004,0.5543044568636827
-85.53026400651918,29.830910006775607,62095.67619111105,3308672.2029690663,0.8335023036829522,0.5525159814477872
-85.51818331097013,29.816281138358747,63200.847144497806,3307002.67109628,0.8336994887076004,0.5522184011138036
-85.50609681219363,29.801656724873393,64306.96140134753,3305333.7641458716,0.832840519135034,0.5535130257608102
-85.49397140017315,29.78705765210972,65417.3144873263,3303667.6749416552,0.8308475627866442,0.5565000695521011
-85.48177214636397,29.772506292417678,66535.38503583396,3302006.755854463,0.8276289295323958,0.5612756497489098
-85.46946213884765,29.7580269511635,67664.85266713626,3300353.567838182,0.8230751103119565,0.5679325336560326
-85.4570028127573,29.743646053084568,68809.56674370928,3298710.9024754902,0.8170607364701253,0.5765516047318716
-85.44435413753813,29.729392510443578,69973.52970460434,3297081.823652538,0.8094401775477112,0.5872023492557993
-85.43147493074392,29.715298065656583,71160.86795998583,3295469.7068699496,0.800047284628213,0.599936948652959
-85.41832328975201,29.701397662052667,72375.79139485653,3293878.282102767,0.7887040168377479,0.6147731075966166
-85.40485759132949,29.68772944383253,73622.49617873105,3292311.637591878,0.7752178863105562,0.6316939359723137
-85.3910369423818,29.67433523240917,74905.12265486836,3290774.274415646,0.759388387916401,0.6506375921338465
-85.37682257596356,29.661260262256402,76227.61838569031,3289271.082331952,0.7410245479936034,0.6714779365480863
-85.36217907774558,29.648553009073357,77593.61790351085,3287807.325141557,0.7199506183281995,0.69402529288841
-85.34707574009572,29.63626472517494,79006.30876805817,3286388.5939278156,0.6960241284524491,0.7180183929482647
-85.33148807069163,29.62444859364353,80468.28099250453,3285020.7184323673,0.6691549845208011,0.7431228745577452
-85.31539919574783,29.61315859577802,81981.38548856281,3283709.646091575,0.6393134930782144,0.7689461993976769
-85.29880074084896,29.6024484003806,83546.64331429276,3282461.3214674764,0.6065448601596893,0.7950492642684873
-85.28169371353387,29.59236971527152,85164.1526660686,3281281.505900316,0.5709759266260933,0.8209668027475131
-85.26408857215422,29.582970990691848,86833.0764428498,3280175.633185572,0.5328092185870495,0.8462353907682292
-85.24600495889652,29.57429601599414,88551.66220190111,3279148.652171397,0.4923139829371146,0.8704176826125457
-85.22747079710764,29.56638298116841,90317.32595865134,3278204.918675818,0.44980956634158525,0.8931244896584098
-85.20852114554505,29.559263697700295,92126.76049102601,3277348.104286214,0.40565162711519726,0.9140277662187255
-85.18919679601119,29.55296317256691,93976.07022048508,3276581.1435369607,0.36021590559911815,0.9328689625844603
-85.16954280516788,29.547499415433574,95860.91362402191,3275906.2068639635,0.3138888291919484,0.9494597426476321
-85.14960707611957,29.542883345762167,97776.64137561379,3275324.6849673563,0.2670632747447422,0.9636789959746007
-85.12943901959623,29.53911874415322,99718.4270549902,3274837.178511629,0.22013609364659126,0.9754691693098348
-85.10908829299169,29.536202240729583,101681.39052270819,3274443.492356708,0.17350823766084597,0.984832417959435
-85.08860361828337,29.53412325331926,103660.71348085371,3274142.6246386734,0.12758793890270587,0.991827262100896
-85.06803165375345,29.5328638542346,105651.74954439241,3273932.7482547485,0.08278382696190603,0.9965675280649782
-85.04741587512734,29.532398953089423,107650.13460863415,3273811.227579247,0.03949191760826586,0.999219889935955
-85.02679556284279,29.532696625107267,109651.88740208054,3273774.6518074214,-0.0019162675718740567,0.999998163957611
-85.00620493977043,29.533718711560013,111653.49636798186,3273818.8991056504,-0.041108459952461755,0.9991546899856583
-84.98567252829638,29.53542166574438,113651.98603650201,3273939.2288205377,-0.07780364643540356,0.9969687019166423
-84.96522076442216,29.537757570963596,115644.95891816585,3274130.39367957,-0.11178353248236228,0.9937325806602925
-84.9448659394174,29.540675383186056,117630.60625763274,3274386.778021781,-0.14289751814548157,0.989737490099199
-84.92461841483387,29.544122110760682,119607.69181177783,3274702.5299290656,-0.1710585773875605,0.9852608604334915
-84.90448304467115,29.548043898769823,121575.51498425411,3275071.683412626,-0.1962392864959197,0.9805560373765349
-84.8844598161742,29.552387055918896,123533.85238049425,3275488.2748730616,-0.21845743824549396,0.9758464775133515
-84.86454449924173,29.557098614213334,125482.89667126056,3275946.4076784407,-0.23777714526476487,0.9713197358180976
-84.84472952528763,29.56212739285945,127423.17499785406,3276440.373337519,-0.2542879287899778,0.9671285588129963
-84.8250045579679,29.56742380913624,129355.49257864544,3276964.632591102,-0.26809119500614853,0.9633935390899065
-84.80535726460212,29.57294045465653,131280.85968552,3277513.8819878367,-0.27931105802302736,0.9602006732272463
-84.78577398707071,29.57863229867361,133200.42699013272,3278083.078691428,-0.28806471814811047,0.9576109430025587
-84.76624008637295,29.584456206618466,135115.45009817882,3278667.3882363895,-0.2944666259139089,0.9556617635036352
-84.74674056273642,29.590371295088037,137027.2304500449,3279262.2259021993,-0.2986361112356643,0.9543670536360943
-84.72726040601826,29.596338726675228,138937.08036930795,3279863.2350527714,-0.3006697178056921,0.9537283265137119
-84.70778472243065,29.602321080486636,140846.3083373422,3280466.2176876264,-0.30066716317904024,0.9537291318743852
-84.68829935283269,29.608283075933034,142756.16148885453,3281067.216610835,-0.29871774045251315,0.9543415067673338
-84.66879071316782,29.61419046135144,144667.83700620694,3281662.391594915,-0.2948887404327882,0.9555315959014458
-84.64924616760122,29.620010326472656,146582.44699016507,3282248.0551271723,-0.2892540752665041,0.957252359590573
-84.62965420708359,29.62571101539638,148501.0007860441,3282820.6632182477,-0.28187117264495914,0.959452261465757
-84.61000443742094,29.631261614881435,150424.4043223766,3283376.7585155284,-0.2727880723565741,0.9620741486912453
-84.59028780795306,29.636632123825123,152353.43854039,3283912.989698812,-0.2620538847343303,0.9650532428294546
-84.57049670187129,29.64179331502917,154288.75016857966,3284426.096309561,-0.2497082734395612,0.968321113151951
-84.55062498488508,29.646716530784893,156230.84632668065,3284912.886107746,-0.23579355792567833,0.9718031683631978
-84.53066821257913,29.651373979011844,158180.0754742845,3285370.268410197,-0.2203542135346079,0.9754199201254526
-84.51062363249265,29.65573851081053,160136.62646990627,3285795.229285225,-0.20342016255808668,0.9790915368160639
-84.49049017879544,29.659783320118777,162100.52810621116,3286184.7980856155,-0.18502539703930246,0.9827337393467512
-84.47026866136486,29.663482389757938,164071.63232689895,3286536.0973269856,-0.1652149513290812,0.9862575829149955
-84.44996178789243,29.666810440288586,166049.6119161647,3286846.3369176188,-0.14403551299933706,0.9895725193208519
-84.42957420810903,29.669743042240203,168033.95657846963,3287112.8265662296,-0.12152810381949249,0.9925879910527019
-84.40911246858056,29.672256301522832,170023.97625848462,3287332.940590808,-0.09774360855749417,0.99521162924584
-84.38858513175714,29.67432753261996,172018.79178572973,3287504.19274526,-0.07274733340756925,0.9973504025577409
-84.36800270893197,29.6759351065396,174017.34078125173,3287624.218981643,-0.04659730015780306,0.9989137558458204
-84.34737761750104,29.677058345635572,176018.38135970238,3287690.765484694,-0.019363471881599145,0.9998125104021707
-84.32672416684055,29.677678064909884,178020.49511613572,3287701.7484840197,0.008878992623498328,0.999960580968066
-84.30605846289107,29.67777622330704,180022.0950776422,3287655.2151387655,0.038049186281471095,0.9992758675277402
-84.28539832702873,29.67733648739196,182021.43516742537,3287549.4056543172,0.06805964904796419,0.9976812537937495
-84.26476318757572,29.676343911559787,184016.61946336148,3287382.717357764,0.09881580034052657,0.9951057419204561
-84.2441739275562,29.674785523334208,186005.61852860043,3287153.7690390786,0.13021778081153085,0.9914854157074223
-84.22365275677639,29.672649938359765,187986.28029798987,3286861.3577731745,0.16216226548343105,0.9867641053733568
-84.20322300603793,29.66992787952054,189956.35131267074,3286504.5158132105,0.19453503974457076,0.9808955695238807
-84.1829089371436,29.666612062860303,191913.49441774504,3286082.497333176,0.22721609840313758,0.9738443636569736
-84.16273547738163,29.662697531301006,193855.31513621137,3285594.814652675,0.26007677859367767,0.9655879396700929
-84.14272796414858,29.658181648068506,195779.38599234447,3285041.236785268,0.29297747226213094,0.9561193444057559
-84.12291174776405,29.653064511087507,197683.28583203003,3284421.8343287054,0.32577485543979234,0.9454473774690914
-84.10331195003755,29.64734869091558,199564.6220074982,3283736.949793703,0.3583209096713637,0.9335984820533325
-84.08395295974915,29.64103967484915,201421.0801762389,3282987.245589191,0.390457127513519,0.9206211118445479
-84.06485804081406,29.634145822989577,203250.46172822194,3282173.6982330848,0.4220239958323866,0.9065846606587085
-84.04604884937966,29.626678465182238,205050.73048412983,3281297.6079934067,0.4528652358331938,0.8915789803341855
-84.02754507031958,29.61865170738179,206820.04701628292,3280360.5766600543,0.4828355154467811,0.8757110625219036
-84.00936405366997,29.610082243420713,208556.80305762484,3279364.4859504555,0.5117977439183762,0.8591059709489046
-83.99152041567315,29.600989258486173,210259.65967327644,3278311.4860270815,0.5396286224368702,0.8419031713011217
-83.97402583323809,29.591394042026838,211927.56592791592,3277203.952309223,0.5662222270419155,0.824252624869156
-83.95688879100202,29.581319752229245,213559.78266458304,3276044.458985528,0.5914949351397212,0.8063087136476059
-83.94011463424587,29.570790851331054,215155.87578812204,3274835.7167946454,0.615387049613317,0.7882250815396684
-83.92370551653781,29.559832800151757,216715.72056629258,3273580.539275815,0.6378575619258058,0.7701543551094592
-83.907660478233,29.548471686113924,218239.49312349802,3272281.801956138,0.6588941925857003,0.7522356299570224
-83.89197590397224,29.536733546494645,219727.6244037461,3270942.3686440433,0.6785043040574102,0.7345964261930282
-83.87664551464403,29.524644314932335,221180.80104168688,3269565.085660101,0.6967089088303413,0.717353954722796
-83.86166079930086,29.512229376112067,222599.92251617313,3268152.733665983,0.7135480260552278,0.7006063192069338
-83.84701135173754,29.499513301681073,223986.06806339807,3266707.9993178514,0.7290743428318931,0.6844345130282686
-83.83268523362503,29.486519641079045,225340.46116606952,3265233.4530377486,0.7433461667082935,0.6689069265900046
-83.81866912543899,29.473270910234316,226664.45515271553,3263731.5481904056,0.7564260835100082,0.6540791849506528
-83.80494870488714,29.459788437221267,227959.49632778898,3262204.604917312,0.7683843833787105,0.6399886244143085
-83.79150902383137,29.446092225120765,229227.08727324233,3260654.7958441284,0.779292643528467,0.6266601756473869
-83.77833463799871,29.432201023072146,230468.77466813597,3259084.1542692753,0.7892206536847836,0.6141097294436582
-83.76540986002786,29.41813231513165,231686.12489603332,3257494.573514069,0.7982363424629341,0.6023443712457163
-83.75271887620016,29.4039023919531,232880.71307472602,3255887.8151253723,0.8064061084534857,0.5913621464457335
-83.74024600383592,29.38952632281269,234054.09814545853,3254265.506343524,0.8137964843926792,0.5811499651467905
-83.72797589776377,29.37501797153308,235207.80299424307,3252629.142306059,0.8204677561684827,0.5716928030750915
-83.71589343235222,29.360390205051907,236343.32655212807,3250980.108864188,0.8264766123985591,0.562971055346722
-83.70398401311122,29.345654810452626,237462.1134087712,3249319.674053652,0.8318780906841918,0.5549584148741449
-83.69223354373025,29.33082263127771,238565.55743239986,3247649.003087264,0.8367214972100114,0.5476286479966483
-83.6806284648477,29.31590364119759,239654.99824729402,3245969.166566489,0.8410547389825795,0.5409500217533455
-83.66915594435221,29.300906917103152,240731.7027180135,3244281.137878783,0.8449240927889053,0.5348862284868112
-83.65780387641776,29.285840719944346,241796.8652743252,3242585.802108203,0.8483720367602584,0.5294004979627908
-83.64656090615517,29.270712552060953,242851.6056769681,3240883.962398323,0.8514378001809066,0.5244555962358477
-83.63541642813917,29.25552921845823,243896.96932280232,3239176.3466957333,0.8541599377049615,0.520010385300002
-83.62436074958985,29.240296787757245,244933.91128441508,3237463.6037319987,0.856575619049618,0.5160215197545192
-83.6133850185842,29.225020679270553,245963.30349620574,3235746.312470439,0.8587197238203622,0.5124455443477685
-83.60248130268604,29.209705659903534,246985.92708710665,3234024.981886618,0.8606273162091514,0.5092353312513119
-83.5916426612083,29.194355838779657,248002.4653185094,3232300.050479675,0.8623320535335135,0.5063431933468384
-83.58086309675862,29.178974723769752,249013.50840917233,3230571.892384997,0.8638648650926039,0.5037236294423139
-83.57013751578253,29.163565266171958,250019.5574546,3228840.8221961968,0.8652579398464216,0.5013269367715305
-83.55946193924261,29.148129768205447,251021.0036730968,3227107.0851127193,0.8665435505685307,0.4991014676076239
-83.54883337109365,29.13266997169088,252018.14137976716,3225370.866439655,0.8677513681185086,0.4969985544530854
-83.5382498090295,29.117187066874234,253011.16692502538,3223632.2925420636,0.8689094598158276,0.4949710604091584
-83.52771017143776,29.101681743471012,254000.18588884195,3221891.4363043103,0.8700465699399266,0.4929695387503861
-83.51721446426903,29.08615411454464,254985.19661563967,3220148.3089968893,0.8711906747832229,0.49094481173626114
-83.50676360279441,29.070603821124518,255966.1077736045,3218402.8714546273,0.87236644724616,0.48885251530406665
-83.49635939422191,29.055030051651816,256942.74005451784,3216655.036155607,0.8735969203237754,0.486650203740649
-83.48600447686836,29.039431583918546,257914.83215775024,3214904.6717056823,0.8749054408626155,0.4842937843385899
-83.47570244779858,29.02380673155251,258882.0281925284,3213151.5971311666,0.8763128559791967,0.48174243994647553
-83.46545760163988,29.008153490497612,259843.90342214733,3211395.5975429844,0.8778340602092347,0.4789648867470035
-83.45527480458789,28.992469615480626,260799.97668409155,3209636.432328469,0.8794834188880694,0.47592952829274265
-83.44515963334327,28.97675256341836,261749.6966877002,3207873.829135601,0.8812725333510877,0.4726084234976734
-83.43511808720751,28.960999652190768,262692.4704042986,3206107.500865896,0.883208504950469,0.4689805292154007
-83.42515659616662,28.94520807030992,263627.66227436817,3204337.146747263,0.8852965588492617,0.4650268840504339
-83.4152819282076,28.92937493656921,264554.6033518429,3202562.4587465636,0.887536553988723,0.4607373062101901
-83.40550092538876,28.913497440540887,265472.617335216,3200783.1366098206,0.8899265606493687,0.45610384415260674
-83.39582067791409,28.897572769385786,266381.00340994,3198998.880094663,0.8924613724079159,0.45112381754877356
-83.38624813517664,28.881598301698823,267279.0746026158,3197209.4096875316,0.8951321425320622,0.44580090556879753
-83.37679023727566,28.865571550985486,268166.14481811685,3195414.4606072567,0.8979281928777464,0.4401419775882604
-83.36745365318578,28.849490289119895,269041.55465155584,3193613.7959857904,0.9008360211884079,0.43415949019851957
-83.35824481611664,28.833352529512645,269904.66790143366,3191807.2050883155,0.9038411366833391,0.4278682035849001
-83.34916979447493,28.817156580918653,270754.8842835409,3189994.509043896,0.9069272772357925,0.42128721058877644
-83.34023424473979,28.800901060319795,271591.6440672103,3188175.5622035214,0.9100773787396651,0.41443837262775285
-83.33144334581984,28.78458491037897,272414.4345339192,3186350.2539712423,0.9132743355285952,0.40734504791982323
-83.32280180385744,28.768207384487294,273222.7894916759,3184518.5071803005,0.9164996737122634,0.40003543353722393
-83.314313650065,28.75176811315563,274016.3091816168,3182680.2850913326,0.9197364260144102,0.392536503604747
-83.30598249324055,28.735266983702584,274794.63538215763,3180835.578565303,0.9229684126650239,0.3848757061995551
-83.29781124683643,28.718704230248804,275557.478286175,3178984.4155439185,0.9261782197210839,0.3770860714933445
-83.28980217529478,28.70208039282837,276304.6119219456,3177126.856633721,0.9293523324219357,0.36919404413114243
-83.28195711538686,28.68539621300774,277035.8523346336,3175262.9839770566,0.9324773221888061,0.3612285199199996
-83.27427715401602,28.668652734248038,277751.08931737486,3173392.9117929447,0.9355398440387503,0.35322117747376164
-83.26676283820186,28.65185120237955,278450.26571822085,3171516.775763406,0.9385306064038045,0.34519603248488684
-83.25941427626489,28.634993012627774,279133.36746989214,3169634.727368396,0.9414398590849932,0.3371809480472292
-83.25223087951231,28.618079779937663,279800.44902885676,3167746.9412188814,0.9442595151209549,0.32920201716201447
-83.24521169347234,28.601113209341612,280451.6007547487,3165853.6013196986,0.9469836209604152,0.3212818414300761
-83.23835520790891,28.584095144056317,281086.9676239528,3163954.9060631003,0.9496066324511564,0.31344416345622766
-83.23165950091952,28.56702750415354,281706.73504537734,3162051.061709915,0.9521247292553722,0.30570982964305227
-83.22512221255732,28.549912282937964,282311.1314673745,3160142.2819504146,0.9545347742819037,0.2980995885381179
-83.21874057544291,28.532751525787393,282900.42537381384,3158228.785624918,0.9568354139385472,0.290630333298245
-83.21251154136489,28.515547284682235,283474.91283237725,3156310.791921555,0.9590250696260886,0.28332122375260893
-83.20643156225037,28.49830167170563,284034.939073996,3154388.525915822,0.9611031399743976,0.27618970714230745
-83.20049687978928,28.48101677080729,284580.8699946204,3152462.2093211855,0.9630708812315684,0.269247985552075
-83.19470344910044,28.463694654316523,285113.09968642145,3150532.062184111,0.9649284217771743,0.2625131250939875
-83.189046817436,28.446337409775293,285632.0624004652,3148598.3056447776,0.9666767923291139,0.2559999593208859
-83.1835223371176,28.428947080353318,286138.21160147956,3146661.1557181277,0.9683184940648298,0.24971842954019235
-83.17812515165546,28.41152566708951,286632.02135327866,3144720.823517816,0.9698550330666458,0.2436826108594855
-83.17285004188064,28.39407516507144,287114.00149200397,3142777.518994101,0.9712881801299614,0.23790601324856792
-83.16769160352545,28.376597518254606,287584.68016270816,3140831.446243738,0.9726205874247276,0.23239877993995117
-83.16264420679003,28.35909462981547,288044.60782342823,3138882.804585682,0.9738545585664643,0.2271723987620788
-83.15770198261755,28.341568365457853,288494.3586197961,3136931.7889037956,0.9749923222556448,0.2222385464822536
-83.15285882921718,28.32402055291005,288934.52976749884,3134978.5896031344,0.9760360435837081,0.2176089189933669
-83.14810840527191,28.306452984729702,289365.7422463851,3133023.392909395,0.9769883768593389,0.2132925490535343
-83.14344424555141,28.28886739626586,289788.62943849125,3131066.3786283876,0.9778516535638452,0.20929917253169822
-83.13885961710491,28.27126549933749,290203.85131715925,3129107.7236269508,0.978627501288883,0.20564098259120756
-83.13434756378514,28.253648975880296,290612.09008960164,3127147.601207411,0.9793177634632604,0.20232824361743876
-83.1299009407233,28.236019475346446,291014.0468287205,3125186.1808795608,0.9799246221469096,0.19936833978903595
-83.12551249745444,28.21837860321168,291410.4333085718,3123223.6272302954,0.98044972656728,0.19676974786319612
-83.12117475084725,28.20072795209771,291801.9845510092,3121260.1031528814,0.9808940928080786,0.19454248557632964
-83.11688005018507,28.183069094833566,292189.45244175685,3119295.7691911533,0.9812589264758763,0.19269384840054146
-83.11262062324595,28.165403582679573,292573.6012161952,3117330.7834220435,0.9815451340264232,0.19123061959072105
-83.10838855156993,28.147732957539755,292955.20992306084,3115365.3027667548,0.981753201105147,0.1901595438567225
-83.10417579729446,28.130058754919858,293335.0698060016,3113399.4833651464,0.9818833047410251,0.18948661132344716
-83.09997420750865,28.11238251161871,293713.9839002148,3111433.481436288,0.9819354249828828,0.18921633429407025
-83.09577557043183,28.094705764213337,294092.7615176387,3109467.453206925,0.9819092994037208,0.1893518622683552
-83.09157161505382,28.077030058454213,294472.2183044386,3107501.555952608,0.9818042240111917,0.18989593390534118
-83.08735402861878,28.059356955548544,294853.1745379497,3105535.948724546,0.9816193712056328,0.19084918148595317
-83.08311452504051,28.041688028956614,295236.4483958703,3103570.792110884,0.9813535624816077,0.19221130405014542
-83.0788448147275,28.024024879711835,295622.8589488492,3101606.249884223,0.9810051181255758,0.19398185021136677
-83.07453664115727,28.0063691390429,296013.222566272,3099642.4893549224,0.9805722054382103,0.19615848164696897
-83.07018182112375,27.988722470046564,296408.34895514563,3097679.681624942,0.9800527206070687,0.1987376784373885
-83.0657722526311,27.971086575095633,296809.04038865585,3095718.0024228655,0.9794444473751898,0.20171409099492554
-83.06129998131003,27.953463191279045,297216.0851524633,3093757.6317101116,0.9787447519661108,0.20508220424697052
-83.05675714082524,27.935854110119987,297630.26343116764,3091798.755767587,0.9779508857683171,0.2088350186749436
-83.05213607257537,27.918261160820773,298052.3354836049,3089841.5655385805,0.9770603465557541,0.2129626239234235
-83.04742932391186,27.900686216444672,298483.0418091337,3087886.257310532,0.9760701018743045,0.21745610183916408
-83.04262960955667,27.8831312076282,298923.1069511991,3085933.0341711207,0.9749770234491723,0.22230565387815088
-83.03772988555484,27.865598111497704,299373.2321757736,3083982.1049022204,0.9737785643606712,0.2274979287634727
-83.03272341889165,27.848088939577632,299834.0885681361,3082033.6827531913,0.9724719867263356,0.23301981682366377
-83.0276037077715,27.83060575738515,300306.32489281,3080087.9874803405,0.9710543322446795,0.2388587110172865
-83.02236454039846,27.81315067273006,300790.5617569444,3078145.2441456458,0.969523542566645,0.24499816409316835
-83.01700009103959,27.795725812526467,301287.3820735907,3076205.680701057,0.9678775343856921,0.25142211205753806
-83.01150480798277,27.778333347852367,301797.342114659,3074269.530580445,0.9661141536577641,0.25811517216572577
-83.0058734971185,27.760975471287324,302320.96320380736,3072337.030321161,0.9642326504236852,0.2650573444689189
-83.00010142426851,27.743654366081234,302858.721539415,3070408.416307652,0.9622320674529441,0.2722305059416247
-82.99418413639184,27.726372246697423,303411.0658572005,3068483.928971324,0.9601118784257868,0.279616131340284
-82.9881176552112,27.709131301062147,303978.39820428024,3066563.8066966813,0.9578733887811125,0.2871908269165083
-82.98189847958307,27.691933680223013,304561.0736467157,3064648.284670652,0.955517561924132,0.2949342110616579
-82.97552346052291,27.67478152358254,305159.41260321764,3062737.5974718924,0.9530465745700506,0.3028237551783099
-82.96899001122702,27.65767688724704,305773.6799658113,3060831.9714556085,0.9504641456721021,0.3108342127112152
-82.96229600605965,27.640621759900625,306404.0950517581,3058931.6263409597,0.9477740555629575,0.318942533384533
-82.95543979147884,27.623618045840047,307050.83045907447,3057036.773337254,0.9449823110259655,0.3271214328778005
-82.94842034441376,27.606667498682466,307713.996281219,3055147.608032706,0.9420960009864119,0.3353432941411095
-82.94123712636603,27.589771749850158,308393.6545155817,3053264.3133066935,0.9391224392478755,0.3435826597794484
-82.93389014044084,27.572932272638557,309089.8133357798,3051387.055421968,0.9360713703927134,0.3518101612107126
-82.9263800305582,27.556150328288858,309802.41716473876,3049515.9781846595,0.9329543708005474,0.3599946416325592
-82.9187080530557,27.539426953677527,310531.34941764467,3047651.2015155223,0.9297837582106704,0.36810618436484
-82.91087605358386,27.52276294792916,311276.4347243846,3045792.819909987,0.926572990558575,0.37611499992334657
-82.90288648357945,27.50615884495178,312037.4372215692,3043940.8993983227,0.9233374459715501,0.3839895322358862
-82.89474245346194,27.489614870856137,312814.0551912534,3042095.472884704,0.9200944856093083,0.39169648651901684
-82.88644774799494,27.47313091439631,313605.91945935664,3040256.536869086,0.9168622938578332,0.3992036248604867
-82.8780067672577,27.456706528448617,314412.5992003433,3038424.051495384,0.9136594105377174,0.4064806041324368
-82.86942450791192,27.440340916754362,315233.6037401567,3036597.939028455,0.9105060110934136,0.41349583282393637
-82.86070663099343,27.424032887888465,316068.37575345597,3034778.0788277984,0.907422912815521,0.420218582760681
-82.8518593586956,27.407780879794796,316916.3014850679,3032964.309884679,0.904431199508523,0.42661950887831446
-82.84288952059326,27.39158292608312,317776.7061049303,3031156.427129302,0.9015519004783078,0.4326709728465169
-82.83380443849228,27.3754366939653,318648.8651407113,3029354.185437992,0.8988059524215457,0.4383467347792135
-82.82461198431346,27.35933945010654,319531.9986841352,3027557.29590907,0.8962137128934891,0.44362256572639164
-82.815320441184,27.343288117645464,320425.28521279484,3025765.4319537017,0.8937942823065312,0.44847717992797903
-82.80593852375807,27.327279266487878,321327.85955735354,3023978.228228172,0.8915656171139776,0.4528915437278247
-82.79647526744348,27.31130916608023,322238.8239416309,3022195.2863011113,0.8895441085865329,0.45684929558771414
-82.78694003176165,27.295373790672702,323157.247656439,3020416.1752238735,0.8877439626965241,0.4603375464763573
-82.77734235801299,27.279468895512238,324082.18126769364,3018640.4397546356,0.8861770995776741,0.46334668250037275
-82.76769198012694,27.263590024581703,325012.655557586,3016867.6012198487,0.8848529943906164,0.46587034496516283
-82.75799868381344,27.24773259334426,325947.6956024777,3015097.1664747368,0.8837785120186058,0.4679054837188586
-82.74827231498273,27.231891901773597,326886.31996597647,3013328.6293537603,0.8829576355610309,0.469452674722888
-82.73852262661154,27.21606322756248,327827.55601526797,3011561.4807823678,0.8823909512564992,0.4705169594612401
-82.7287592533208,27.200241857740366,328770.44249802356,3009795.2122475193,0.8820769735505741,0.471105309598459
-82.718991660109,27.184423132780736,329714.03469833895,3008029.3206187533,0.8820110977252308,0.47122863186518404
-82.70922903647467,27.168602516964814,330657.4150447096,3006263.3158075847,0.8821859785872093,0.47090115649054
-82.69948026967847,27.152775628408623,331599.6958181768,3004496.7240698608,0.8825916903822587,0.47014030678956603
-82.68975384411951,27.13693830355569,332540.0292352001,3002729.095029815,0.883216254593725,0.46896593439335477
-82.6800578452819,27.12108660778386,333477.60708826256,3000960.002878011,0.8840460583902796,0.4673997931585019
-82.67039988013849,27.105216884418454,334411.6687246927,2999189.051714365,0.8850660240611514,0.4654655014634117
-82.66078708258738,27.089325759236342,335341.5005318701,2997415.876075443,0.8862598331642545,0.463188415355639
-82.65122603879291,27.07341018111197,336266.44341751956,2995640.145361515,0.8876091280757996,0.46059747693242814
-82.6417227185309,27.057467456339797,337185.8996891878,2993861.5675743334,0.8890951584560229,0.4577224040945116
-82.63228251325866,27.041495228557267,338099.3292721089,2992079.88716847,0.8907001287194511,0.45459133372640675
-82.62291026183632,27.0254914631583,339006.2471568768,2990294.883382416,0.8924048820352324,0.4512355554692946
-82.61361009857212,27.009454512801852,339906.2385918792,2988506.377326851,0.8941895867276195,0.4476884887819756
-82.60438552031957,26.99338307717986,340798.9523967194,2986714.22764141,0.8960360991074896,0.4439812035393313
-82.59523941389166,26.977276180716256,341684.0982366978,2984918.3280846654,0.8979267414606855,0.44014493859386267
-82.58617402203679,26.96113317747094,342561.4500336883,2983118.608059707,0.899843412634347,0.4362130588812906
-82.57719089249883,26.94495376204475,343430.8510679483,2981315.033784554,0.9017690153928563,0.43221828151687275
-82.56829095537248,26.928737921951893,344292.2062642222,2979507.6031378047,0.9036875854178694,0.4281924193182559
-82.55947448211845,26.912485943150877,345145.4862998035,2977696.3462444646,0.9055841877350101,0.424166569786354
-82.55074115570804,26.896198366936567,345990.7206121567,2975881.320809838,0.9074448000418276,0.42017131610457126
-82.54209002125758,26.87987599914634,346828.0023463049,2974062.613100709,0.9092556201210117,0.41623817373993277
-82.53351949843416,26.863519893142755,347657.4871339705,2972240.3360972353,0.9110041905939977,0.41239709591627227
-82.5250274321342,26.847131317339784,348479.38804926374,2970414.625977182,0.9126792659723463,0.4086765927529726
-82.51661109995676,26.830711742731257,349293.9748825441,2968585.6407620325,0.9142700318559431,0.40510530587753685
-82.50826719988625,26.814262839494774,350101.57539370813,2966753.559944317,0.9157661765374643,0.40171172488484036
-82.49999186921143,26.797786461905172,350902.57344643556,2964918.582856613,0.9171589788742687,0.3985215269848152
-82.49178077886093,26.78128460455224,351697.39960610884,2963080.9239485105,0.9184404190158623,0.39555934664468134
-82.48362908124518,26.764759419810805,352486.5363785184,2961240.814674954,0.9196019942510375,0.3928513359650376
-82.4755314022096,26.748213218307242,353270.5190433479,2959398.5035537155,0.9206365736647917,0.3904206695741822
-82.46748196904245,26.73164841754908,354049.92288894666,2957554.25063662,0.9215386655505615,0.3882866053513698
-82.45947463987235,26.715067532025255,354825.3603012418,2955708.326457223,0.9223014296398774,0.38647130926401047
-82.45150275827073,26.698473232646613,355597.49532960245,2953861.0184605853,0.9229191241145431,0.38499388351458835
-82.44355942217108,26.681868246557375,356367.01683267474,2952012.620222395,0.9233881147731101,0.38386767185549975
-82.43563744601381,26.66525537827071,357134.6422888239,2950163.4337540017,0.9237034517144924,0.3831082527050709
-82.42772930964365,26.64863753684917,357901.12293467904,2948313.77246406,0.9238612354722754,0.38272760233832237
-82.41982735424895,26.632017669266126,358667.2241968384,2946463.9540029983,0.9238592566597357,0.38273237893353185
-82.4119237997838,26.615398763582544,359433.7239696396,2944614.300637663,0.9236953677876558,0.3831277430931194
-82.40401078788801,26.598783842864076,360201.40834046697,2942765.138627839,0.923368343041807,0.38391522901316094
-82.39608048442199,26.58217593637876,360971.0613463495,2940916.7951495955,0.9228786771159048,0.3850908299671617
-82.38812519887718,26.56557804391828,361743.45303344465,2939069.5944715934,0.9222280956758103,0.3866462718637909
-82.38013743579695,26.548993125307987,362519.3343111563,2937223.8568444173,0.9214193353536048,0.38856969572590344
-82.37210998669265,26.532424072953024,363299.4277469821,2935379.8955523395,0.9204574035322624,0.3908428946298577
-82.3640360918304,26.515873654788983,364084.4113568077,2933538.010757507,0.9193497606567224,0.393441250481476
-82.35590953449343,26.49934448041954,364874.9091410944,2931698.4858353264,0.9181057307263405,0.39633554875566274
-82.3477247298817,26.482838966042486,365671.4821477733,2929861.583566384,0.9167374382605559,0.3994902618230805
-82.33947688775115,26.46635926604267,366474.61213933426,2928027.538709127,0.9152600532443954,0.40286354381485884
-82.33116210139602,26.44990722942421,367284.6926224916,2926196.5532412184,0.9136911986582215,0.4064091454365937
-82.32277743346864,26.43348435358619,368102.02018520026,2924368.7912994544,0.9120515438312489,0.4100755801008341
-82.31432103809045,26.417091719053417,368926.7821881494,2922544.372043062,0.9103644281658076,0.4138074527245033
-82.30579219349076,26.40072995762946,369759.053412433,2920723.366123012,0.9086558792681925,0.4175457975735692
-82.29719141032933,26.384399186377326,370598.78511821304,2918905.7884400543,0.9069539697842997,0.4212297433616238
-82.28852039796685,26.368099000128108,371445.80833716964,2917091.597238805,0.9052885219842117,0.4247972362947307
-82.27978214363671,26.351828415983935,372299.8258496622,2915280.687996745,0.9036900280804695,0.4281872641122344
-82.27098079032733,26.33558590638002,373160.424345658,2913472.8969206847,0.9021891633860656,0.4313406003018394
-82.26212168590675,26.319369360633022,374027.0694241886,2911667.996693456,0.900816821071347,0.4341993262027394
-82.25321128045913,26.303176116930413,374899.11582070554,2909865.6998734814,0.8996014849030936,0.43671176805777673
-82.24425697853344,26.28700302064154,375775.82217182545,2908065.665170541,0.8985690099636475,0.4388322393955921
-82.23526704689243,26.270846463751905,376656.3602273563,2906267.5016897675,0.8977434558530736,0.4405186573494711
-82.2262505621712,26.254702412163763,377539.8200692422,2904470.7718734606,0.8971441256279814,0.44173795156314644
-82.21721710311043,26.238566554128326,378425.2409733693,2902675.0076226257,0.8967859704116443,0.4424646011522791
-82.20817675651328,26.222434311657118,379311.610805536,2900879.7115475596,0.8966802135477311,0.4426788843303862
-82.19913987986244,26.206300966181146,380197.88984617306,2899084.370648343,0.8968325061820981,0.4423702700850689
-82.19011697205259,26.190161737531838,381083.02377607627,2897288.4649351966,0.897244066989796,0.4415349184963862
-82.18111853584439,26.174011867269233,381965.9574996236,2895491.476529125,0.89791193509396,0.44017514334162505
-82.17215497023747,26.157846688383415,382845.6459699933,2893692.8972869087,0.8988282463975805,0.43830101925257975
-82.16323636880479,26.141661734976356,383721.0744595699,2891892.2407755298,0.8999821627829019,0.43592672167763485
-82.15437255830427,26.125452741294588,384591.25470816216,2890089.0422135056,0.9013585189040626,0.4330736893405955
-82.14557277081134,26.109215800987876,385455.25787066296,2888282.8758350946,0.902941004232884,0.4297645202607015
-82.13684592611689,26.092947249821442,386312.18618290423,2886473.3421713593,0.9047105175362958,0.42602685297902043
-82.12820014814156,26.076643883735,387161.22154859407,2884660.091798908,0.9066458289331608,0.4218925703044575
-82.11964308058386,26.060302820243265,388001.59386244055,2882842.810292322,0.9087274900270716,0.4173899242544055
-82.11118171587779,26.043921569869806,388832.5982066058,2881021.226011628,0.9109326076462074,0.41255518943152414
-82.1028222468228,26.027498091319288,389653.6097743511,2879195.116114524,0.9132385844124457,0.4074251930604592
-82.09457019376799,26.011030726096248,390464.07111475774,2877364.299453022,0.9156260549225347,0.4020310032161644
-82.08643050736417,25.994518144757087,391263.4818268637,2875528.6307326006,0.9180751774693617,0.3964063174504158
-82.07840736095575,25.97795941744073,392051.4194311947,2873688.0081751947,0.9205661449494932,0.3905867032719222
-82.0705042844788,25.961353943179674,392827.52593630314,2871842.3658283004,0.9230807852159812,0.38460611535055883
-82.06272409480768,25.944701459685156,393591.51485310454,2869991.674615682,0.9256024211786053,0.37849723632848875
-82.05506901695219,25.928001979759376,394343.15903652925,2868135.9354173522,0.9281172403556932,0.37228804460327825
-82.04754075048383,25.91125574914245,395082.28402557265,2866275.1744744196,0.930611951715612,0.3660073705870685
-82.04014036923401,25.894463269150776,395808.77813945117,2864409.4458342213,0.9330743754559082,0.35968348567534597
-82.03286844469139,25.877625234439353,396522.58009535604,2862538.8245742805,0.935494354532924,0.3533416372818633
-82.02572504313622,25.860742520206536,397223.679313962,2860663.405398231,0.9378629092898946,0.3470059990523146
-82.01870977180535,25.84381615223761,397912.1112976948,2858783.2993685678,0.9401726999615238,0.34069824514819363
-82.01182183263064,25.82684727655775,398587.9522473097,2856898.6305997227,0.9424178077183378,0.3344378502732039
-82.00506005645364,25.80983713755271,399251.3156398671,2855009.5338716125,0.9445934527826418,0.32824260686292245
-81.99842293614844,25.792787057997224,399902.3489160163,2853116.1524519725,0.9466962705612236,0.3221275699245106
-81.99190870293418,25.775698407146955,400541.2258245977,2851218.634627783,0.9487237951350564,0.3161062488223465
-81.98551531179427,25.75857259925914,401168.1479030047,2849317.133535745,0.9506733691870883,0.3101937219198191
-81.97924039384786,25.74141110224528,401783.34928215755,2847411.8080903655,0.95254414175457,0.3044004895019874
-81.97308148694616,25.724215363310343,402387.0735162924,2845502.8149251826,0.9543377305930512,0.29872980428223944
-81.96703609368686,25.706986791392815,402979.56775735493,2843590.3064907636,0.9560560059907847,0.29318409474074264
-81.96110165629385,25.689726765166526,403561.0852878809,2841674.4319212423,0.9577011517670764,0.2877646675740704
-81.95527562664411,25.672436613764084,404131.8784846533,2839755.334949502,0.959276030964157,0.28247034608548477
-81.94955549514148,25.655117610667823,404692.19591811264,2837833.153249032,0.960784339982767,0.2772966859590625
-81.94393889204008,25.63777094910784,405242.2721614075,2835908.015778876,0.9622305016997542,0.2722360402272987
-81.9384236135201,25.620397739441643,405782.3251638112,2833980.04250686,0.9636193086618351,0.26727855876236495
-81.93300768323087,25.6029989979962,406312.55005348235,2832049.3432119,0.9649560915453237,0.26241139721737117
-81.9276894097584,25.5855756380842,406833.1133460178,2830116.016522866,0.9662469012018017,0.25761779037542404
-81.92246748503189,25.568128452303778,407344.1430290927,2828180.1480195476,0.9674985655493373,0.2528765027834231
-81.91734106340517,25.55065810093481,407845.7205849634,2826241.808993257,0.9687169920003342,0.24816806686160164
-81.91230961175253,25.5331651570835,408337.89605730283,2824301.061332638,0.9699087402116734,0.24346875705314794
